,Week,Total Investment,Total Investment_SMA_3,Total Investment_SMA_5,Total Investment_EMA_8,Total_Investment_Ad_Stock,TV,TV_SMA_3,TV_SMA_5,TV_EMA_8,TV_Ad_Stock,Digital,Digital_SMA_3,Digital_SMA_5,Digital_EMA_8,Digital_Ad_Stock,Sponsorship,Sponsorship_SMA_3,Sponsorship_SMA_5,Sponsorship_EMA_8,Sponsorship_Ad_Stock,Content Marketing,Content Marketing_SMA_3,Content Marketing_SMA_5,Content Marketing_EMA_8,Content_Marketing_Ad_Stock,Online marketing,Online marketing_SMA_3,Online marketing_SMA_5,Online marketing_EMA_8,Online_marketing_Ad_Stock,Affiliates,Affiliates_SMA_3,Affiliates_SMA_5,Affiliates_EMA_8,Affiliates_Ad_Stock,SEM,SEM_SMA_3,SEM_SMA_5,SEM_EMA_8,SEM_Ad_Stock,Radio,Radio_SMA_3,Radio_SMA_5,Radio_EMA_8,Radio_Ad_Stock,Other,Other_SMA_3,Other_SMA_5,Other_EMA_8,Other_Ad_Stock
0,28,4.265,0.0,0.0,4.265,4.265,0.054,0.0,0.0,0.054,0.054,0.633,0.0,0.0,0.633,0.633,1.854,0.0,0.0,1.854,1.854,0.0,0.0,0.0,0.0,0.0,0.332,0.0,0.0,0.332,0.332,0.137,0.0,0.0,0.137,0.137,1.256,0.0,0.0,1.256,1.256,0.0,0.0,0.0,0.0,0.0,0.0,0.0,0.0,0.0,0.0
1,29,4.265,0.0,0.0,4.265,6.824,0.054,0.0,0.0,0.054,0.0864,0.633,0.0,0.0,0.633,1.0128,1.854,0.0,0.0,1.854,2.9664,0.0,0.0,0.0,0.0,0.0,0.332,0.0,0.0,0.332,0.5312,0.137,0.0,0.0,0.137,0.2192,1.256,0.0,0.0,1.256,2.0096,0.0,0.0,0.0,0.0,0.0,0.0,0.0,0.0,0.0,0.0
2,30,4.265,4.265,0.0,4.265,8.359399999999999,0.054,0.054,0.0,0.054,0.10584,0.633,0.633,0.0,0.633,1.2406799999999998,1.854,1.854,0.0,1.854,3.63384,0.0,0.0,0.0,0.0,0.0,0.332,0.332,0.0,0.332,0.65072,0.137,0.137,0.0,0.137,0.26852,1.256,1.256,0.0,1.256,2.46176,0.0,0.0,0.0,0.0,0.0,0.0,0.0,0.0,0.0,0.0
3,31,4.265,4.265,0.0,4.265,9.280639999999998,0.054,0.054,0.0,0.054,0.117504,0.633,0.633,0.0,0.633,1.377408,1.854,1.854,0.0,1.854,4.034304000000001,0.0,0.0,0.0,0.0,0.0,0.332,0.332,0.0,0.332,0.722432,0.137,0.137,0.0,0.137,0.298112,1.256,1.256,0.0,1.256,2.733056,0.0,0.0,0.0,0.0,0.0,0.0,0.0,0.0,0.0,0.0
4,32,1.013,3.1809999999999996,3.6146000000000003,3.542333333333333,6.581383999999999,0.001,0.036333333333333336,0.0434,0.042222222222222223,0.0715024,0.256,0.5073333333333334,0.5576000000000001,0.5492222222222223,1.0824448,0.213,1.3070000000000002,1.5258,1.4893333333333334,2.6335824000000003,0.0,0.0,0.0,0.0,0.0,0.026,0.22999999999999998,0.27080000000000004,0.264,0.4594592,0.015,0.09633333333333334,0.1126,0.1098888888888889,0.19386719999999996,0.503,1.005,1.1054,1.0886666666666667,2.1428336,0.0,0.0,0.0,0.0,0.0,0.0,0.0,0.0,0.0,0.0
5,33,1.013,2.097,2.9641999999999995,2.980259259259259,4.961830399999999,0.001,0.01866666666666667,0.0328,0.03306172839506173,0.04390143999999999,0.256,0.38166666666666677,0.4822000000000001,0.4840617283950618,0.90546688,0.213,0.7600000000000001,1.1976,1.2057037037037037,1.7931494400000003,0.0,0.0,0.0,0.0,0.0,0.026,0.12799999999999997,0.2096,0.2111111111111111,0.30167552000000003,0.015,0.05566666666666668,0.08820000000000001,0.08880246913580248,0.13132032,0.503,0.7539999999999999,0.9548,0.9585185185185185,1.7887001599999999,0.0,0.0,0.0,0.0,0.0,0.0,0.0,0.0,0.0,0.0
6,34,1.013,1.013,2.3137999999999996,2.5430905349794237,3.9900982399999996,0.001,0.0010000000000000054,0.022200000000000004,0.02593689986282579,0.027340863999999996,0.256,0.25600000000000006,0.40680000000000016,0.43338134430727027,0.7992801279999999,0.213,0.21300000000000008,0.8694000000000001,0.9851028806584362,1.2888896640000003,0.0,0.0,0.0,0.0,0.0,0.026,0.025999999999999985,0.1484,0.1699753086419753,0.207005312,0.015,0.015000000000000013,0.06380000000000001,0.07240192043895748,0.093792192,0.503,0.5029999999999999,0.8042,0.8572921810699589,1.5762200959999997,0.0,0.0,0.0,0.0,0.0,0.0,0.0,0.0,0.0,0.0
7,35,1.013,1.013,1.6634,2.2030704160951076,3.4070589439999996,0.001,0.0010000000000000054,0.011600000000000003,0.020395366559975613,0.0174045184,0.256,0.25600000000000006,0.3314000000000002,0.39396326779454355,0.7355680767999999,0.213,0.21300000000000008,0.5412000000000001,0.8135244627343393,0.9863337984000001,0.0,0.0,0.0,0.0,0.0,0.026,0.025999999999999985,0.0872,0.13798079561042523,0.1502031872,0.015,0.015000000000000013,0.03940000000000001,0.05964593811918915,0.0712753152,0.503,0.5029999999999998,0.6536,0.7785605852766346,1.4487320575999998,0.0,0.0,0.0,0.0,0.0,0.0,0.0,0.0,0.0,0.0
8,36,1.013,1.013,1.0130000000000001,1.938610323629528,3.0572353663999996,0.001,0.0010000000000000054,0.0010000000000000037,0.016085285102203254,0.011442711039999998,0.256,0.25600000000000006,0.25600000000000017,0.36330476384020055,0.6973408460799999,0.213,0.21300000000000008,0.21300000000000008,0.6800745821267083,0.8048002790400001,0.0,0.0,0.0,0.0,0.0,0.026,0.025999999999999985,0.026000000000000002,0.11309617436366406,0.11612191231999999,0.015,0.015000000000000013,0.015000000000000013,0.04972461853714712,0.05776518912,0.503,0.5029999999999998,0.5029999999999999,0.7173248996596047,1.3722392345599999,0.0,0.0,0.0,0.0,0.0,0.0,0.0,0.0,0.0,0.0
9,37,24.064,8.696666666666667,5.6232,6.855363585045188,25.89834121984,0.97,0.324,0.1948,0.22806633285726918,0.976865626624,0.339,0.28366666666666673,0.2726000000000002,0.3579037052090449,0.7574045076479999,15.697,5.3743333333333325,3.3098,4.017169119431884,16.179880167424,0.153,0.051,0.0306,0.033999999999999996,0.153,4.095,1.3823333333333334,0.8398,0.9979636911717387,4.164673147392,1.26,0.4300000000000001,0.264,0.31867470330666997,1.294659113472,1.551,0.8523333333333332,0.7125999999999999,0.9025860330685813,2.3743435407359996,0.0,0.0,0.0,0.0,0.0,0.0,0.0,0.0,0.0,0.0
10,38,24.064,16.380333333333336,10.2334,10.679505010590702,39.603004731904,0.97,0.647,0.3886,0.3929404811112093,1.5561193759743999,0.339,0.3113333333333334,0.2892000000000002,0.35370288182925713,0.7934427045888,15.697,10.535666666666666,6.406599999999999,6.6126870928914645,25.4049281004544,0.153,0.102,0.0612,0.06044444444444444,0.2448,4.095,2.738666666666667,1.6536000000000002,1.6861939820224632,6.5938038884351995,1.26,0.8450000000000001,0.513,0.5278581025718544,2.0367954680832,1.551,1.2016666666666664,0.9221999999999999,1.0466780257200077,2.9756061244415997,0.0,0.0,0.0,0.0,0.0,0.0,0.0,0.0,0.0,0.0
11,39,24.064,24.064000000000004,14.843599999999999,13.653837230459436,47.8258028391424,0.97,0.9700000000000001,0.5824,0.5211759297531627,1.9036716255846398,0.339,0.339,0.3058000000000002,0.3504355747560889,0.81506562275328,15.697,15.696999999999997,9.503399999999997,8.631423294471139,30.939956860272638,0.153,0.153,0.09179999999999999,0.08101234567901233,0.29988,4.095,4.095,2.4674,2.2214842082396933,8.051282333061119,1.26,1.26,0.762,0.6905563020003311,2.4820772808499196,1.551,1.551,1.1318,1.158749575560006,3.33636367466496,0.0,0.0,0.0,0.0,0.0,0.0,0.0,0.0,0.0,0.0
12,40,24.064,24.064000000000004,19.453799999999994,15.967206734801783,52.759481703485434,0.97,0.9700000000000001,0.7762000000000001,0.6209146120302377,2.112202975350784,0.339,0.339,0.32240000000000013,0.3478943359214025,0.828039373651968,15.697,15.696999999999997,12.600199999999997,10.20155145125533,34.26097411616358,0.153,0.153,0.1224,0.09700960219478735,0.332928,4.095,4.095,3.2811999999999997,2.637821050853095,8.925769399836671,1.26,1.26,1.0110000000000001,0.8170993460002576,2.7492463685099517,1.551,1.551,1.3414,1.2459163365466712,3.5528182047989754,0.0,0.0,0.0,0.0,0.0,0.0,0.0,0.0,0.0,0.0
13,41,42.539,30.222333333333335,27.758999999999997,21.87204968262361,74.19468902209127,1.536,1.1586666666666667,1.0832000000000002,0.8242669204679627,2.8033217852104704,3.156,1.278,0.9024000000000001,0.9719178168277576,3.652823624191181,21.168,17.52066666666666,16.791199999999996,12.638540017643034,41.724584469698144,0.861,0.38899999999999996,0.2946,0.2667852461515013,1.0607568,6.093,4.761,4.4946,3.4056385951079626,11.448461639902003,1.743,1.4210000000000003,1.3566000000000003,1.0228550468890893,3.392547821105971,7.982,3.6946666666666665,2.8372,2.7428238173140773,10.113690922879385,0.0,0.0,0.0,0.0,0.0,0.0,0.0,0.0,0.0,0.0
14,42,42.539,36.38066666666668,31.454,26.464705308707252,87.05581341325475,1.536,1.3473333333333335,1.1964000000000001,0.9824298270306377,3.2179930711262825,3.156,2.217,1.4658000000000002,1.457269413088256,5.347694174514709,21.168,19.344333333333328,17.885399999999997,14.533975569277917,46.202750681818884,0.861,0.6249999999999999,0.4361999999999999,0.39883296922894546,1.49745408,6.093,5.4270000000000005,4.8942,4.0028300184173045,12.962076983941202,1.743,1.5820000000000005,1.4532000000000003,1.182887258691514,3.778528692663583,7.982,5.838333333333334,4.1234,3.907085191244282,14.050214553727631,0.0,0.0,0.0,0.0,0.0,0.0,0.0,0.0,0.0,0.0
15,43,42.539,42.539000000000016,35.14900000000001,30.036770795661198,94.77248804795286,1.536,1.5360000000000005,1.3096,1.1054454210238294,3.4667958426757695,3.156,3.156,2.0292000000000003,1.8347650990686435,6.364616504708826,21.168,21.167999999999996,18.979599999999998,16.00820322054949,48.88965040909133,0.861,0.8609999999999999,0.5778,0.5015367538447354,1.759472448,6.093,6.093000000000001,5.2938,4.4673122365467925,13.870246190364721,1.743,1.7430000000000005,1.5498000000000005,1.3073567567600666,4.01011721559815,7.982,7.982,5.4096,4.81262181541222,16.412128732236578,0.0,0.0,0.0,0.0,0.0,0.0,0.0,0.0,0.0,0.0
16,44,42.539,42.53900000000002,38.84400000000001,32.81504395218093,99.40249282877173,1.536,1.5360000000000007,1.4228000000000003,1.2011242163518674,3.6160775056054617,3.156,3.156,2.5926,2.1283728548311673,6.974769902825296,21.168,21.168,20.0738,17.15482472709405,50.5017902454548,0.861,0.8610000000000001,0.7194,0.5814174752125719,1.9166834687999998,6.093,6.093000000000001,5.6934,4.8285761839808385,14.415147714218833,1.743,1.7430000000000005,1.6464000000000005,1.4041663663689408,4.14907032935889,7.982,7.982,6.6958,5.516928078653948,17.82927723934195,0.0,0.0,0.0,0.0,0.0,0.0,0.0,0.0,0.0,0.0
17,45,10.243,31.77366666666669,36.07980000000001,27.799034185029612,69.88449569726303,0.844,1.3053333333333341,1.3976000000000004,1.1217632793847858,3.013646503363277,0.255,2.189,2.5758,1.7120677759797969,4.4398619416951774,2.834,15.056666666666665,17.5012,13.97241923218426,33.13507414727288,0.034,0.5853333333333334,0.6956,0.4597691473875559,1.1840100812799998,3.912,5.3660000000000005,5.6568,4.624892587540653,12.561088628531298,1.319,1.6016666666666672,1.6582000000000003,1.385240507175843,3.808442197615334,1.044,5.669333333333334,6.5943999999999985,4.522944061175293,11.74156634360517,0.0,0.0,0.0,0.0,0.0,0.0,0.0,0.0,0.0,0.0
18,46,10.243,21.008333333333354,29.620600000000014,23.897693255023032,52.17369741835782,0.844,1.0746666666666675,1.2592000000000005,1.0600381061881667,2.652187902017966,0.255,1.222,1.9956000000000003,1.3882749368731753,2.918917165017106,2.834,8.945333333333332,13.834399999999999,11.497214958365534,22.715044488363727,0.034,0.3096666666666667,0.5302,0.3651537813014324,0.7444060487679999,3.912,4.639,5.220599999999999,4.466472012531619,11.448653177118779,1.319,1.4603333333333337,1.5734000000000006,1.3705203944701,3.6040653185692,1.044,3.356666666666668,5.2067999999999985,3.749845380914117,8.088939806163102,0.0,0.0,0.0,0.0,0.0,0.0,0.0,0.0,0.0,0.0
19,47,10.243,10.243000000000018,23.16140000000001,20.863316976129028,41.54721845101469,0.844,0.8440000000000007,1.1208000000000005,1.0120296381463518,2.4353127412107796,0.255,0.2549999999999999,1.4154000000000004,1.1364360620124696,2.0063502990102635,2.834,2.8339999999999996,10.1676,9.572056078728748,16.463026693018236,0.034,0.03400000000000003,0.3647999999999999,0.2915640521233363,0.48064362926079995,3.912,3.9120000000000004,4.7844,4.343256009746814,10.781191906271268,1.319,1.3190000000000002,1.4886000000000006,1.359071417921189,3.48143919114152,1.044,1.0440000000000014,3.8191999999999986,3.148546407377647,5.897363883697862,0.0,0.0,0.0,0.0,0.0,0.0,0.0,0.0,0.0,0.0
20,48,10.243,10.243000000000018,16.702200000000012,18.503246536989245,35.171331070608815,0.844,0.8440000000000007,0.9824000000000005,0.9746897185582737,2.305187644726468,0.255,0.25499999999999984,0.8352000000000004,0.9405613815652542,1.458810179406158,2.834,2.8339999999999996,6.500800000000001,8.074710283455692,12.71181601581094,0.034,0.03400000000000003,0.19939999999999994,0.23432759609592824,0.3223861775564799,3.912,3.9120000000000004,4.348199999999999,4.2474213409141885,10.38071514376276,1.319,1.3190000000000002,1.4038000000000008,1.3501666583831469,3.407863514684912,1.044,1.0440000000000011,2.4315999999999987,2.680869427960392,4.582418330218717,0.0,0.0,0.0,0.0,0.0,0.0,0.0,0.0,0.0,0.0
21,49,10.243,10.243000000000018,10.24300000000001,16.66763619543608,31.34579864236529,0.844,0.8440000000000007,0.8440000000000005,0.9456475588786573,2.2271125868358808,0.255,0.25499999999999984,0.25500000000000034,0.7882144078840866,1.1302861076436947,2.834,2.8339999999999996,2.834000000000002,6.9101079982433165,10.461089609486564,0.034,0.03400000000000003,0.03399999999999994,0.18981035251905531,0.22743170653388795,3.912,3.9120000000000004,3.911999999999999,4.17288326515548,10.140429086257656,1.319,1.3190000000000002,1.3190000000000008,1.343240734298003,3.363718108810947,1.044,1.0440000000000011,1.043999999999999,2.317120666191416,3.79345099813123,0.0,0.0,0.0,0.0,0.0,0.0,0.0,0.0,0.0,0.0
22,50,26.686,15.724000000000018,13.531600000000008,18.893939263116952,45.493479185419176,1.349,1.012333333333334,0.9450000000000005,1.0352814346834,2.6852675521015286,0.766,0.4253333333333333,0.35720000000000035,0.783277872798734,1.4441716645862168,14.176,6.614666666666666,5.102400000000002,8.524750665300356,20.452653765691938,0.267,0.11166666666666669,0.08059999999999994,0.2069636075148208,0.4034590239203328,5.626,4.483333333333334,4.2547999999999995,4.4957980951209295,11.710257451754593,1.707,1.4483333333333335,1.396600000000001,1.4240761266762245,3.7252308652865684,2.795,1.6276666666666675,1.3941999999999986,2.4233160737044344,5.0710705988787375,0.0,0.0,0.0,0.0,0.0,0.0,0.0,0.0,0.0,0.0
23,51,26.686,21.20500000000002,16.82020000000001,20.625508315757628,53.98208751125151,1.349,1.1806666666666674,1.0460000000000005,1.1049966714204222,2.960160531260917,0.766,0.5956666666666667,0.45940000000000036,0.7794383455101264,1.63250299875173,14.176,10.395333333333332,7.370800000000001,9.780583850789167,26.447592259415163,0.267,0.18933333333333335,0.12719999999999992,0.22030502806708285,0.5090754143521996,5.626,5.054666666666669,4.5976,4.746954073982945,12.652154471052757,1.707,1.5776666666666668,1.474200000000001,1.4869480985259524,3.942138519171941,2.795,2.211333333333334,1.7443999999999984,2.5059125017701156,5.837642359327242,0.0,0.0,0.0,0.0,0.0,0.0,0.0,0.0,0.0,0.0
24,52,26.686,26.68600000000002,20.108800000000013,21.972284245589265,59.0752525067509,1.349,1.3490000000000004,1.1470000000000005,1.159219633326995,3.12509631875655,0.766,0.766,0.5616000000000004,0.7764520465078761,1.745501799251038,14.176,14.175999999999997,9.6392,10.757342995058242,30.044555355649095,0.267,0.267,0.17379999999999993,0.23068168849662002,0.5724452486113198,5.626,5.626000000000002,4.9404,4.942297613097846,13.217292682631655,1.707,1.707,1.551800000000001,1.5358485210757409,4.072283111503165,2.795,2.7950000000000004,2.0945999999999985,2.5701541680434232,6.297585415596345,0.0,0.0,0.0,0.0,0.0,0.0,0.0,0.0,0.0,0.0
25,53,26.686,26.686000000000018,23.397400000000015,23.019776635458314,62.131151504050536,1.349,1.3490000000000004,1.2480000000000004,1.2013930481432185,3.22405779125393,0.766,0.766,0.6638000000000004,0.774129369506126,1.8133010795506228,14.176,14.175999999999997,11.9076,11.517044551711965,32.20273321338946,0.267,0.267,0.22039999999999993,0.23875242438626004,0.6104671491667919,5.626,5.626000000000002,5.283200000000001,5.094231476853881,13.556375609578993,1.707,1.707,1.629400000000001,1.5738821830589096,4.150369866901899,2.795,2.7950000000000004,2.444799999999998,2.620119908478218,6.5735512493578065,0.0,0.0,0.0,0.0,0.0,0.0,0.0,0.0,0.0,0.0
26,1,18.549,23.973666666666684,25.05860000000002,22.02627071646758,55.82769090243032,1.095,1.2643333333333338,1.2982000000000002,1.1777501485558366,3.029434674752358,0.114,0.5486666666666666,0.6356000000000004,0.6274339540603202,1.2019806477303738,1.05,9.800666666666663,11.550799999999999,9.191034651331528,20.371639928033673,0.225,0.253,0.25859999999999994,0.23569633007820226,0.5912802895000752,5.725,5.6590000000000025,5.645800000000001,5.234402259775241,13.858825365747395,1.842,1.7520000000000004,1.734000000000001,1.6334639201569296,4.332221920141139,1.05,2.2133333333333343,2.4459999999999984,2.271204373260836,4.994130749614683,0.675,0.225,0.135,0.15,0.675,6.773,2.2576666666666667,1.3546,1.505111111111111,6.773
27,2,18.549,21.26133333333335,23.43120000000002,21.253543890585895,52.04561454145819,1.095,1.1796666666666669,1.2474000000000003,1.1593612266545397,2.9126608048514147,0.114,0.3313333333333333,0.5052000000000004,0.5133375198246936,0.8351883886382243,1.05,5.42533333333333,8.9256,7.381915839924521,13.272983956820203,0.225,0.239,0.2502,0.23331936783860174,0.5797681737000451,5.725,5.692000000000001,5.665600000000001,5.343423979825187,14.040295219448437,1.842,1.7970000000000004,1.761000000000001,1.6798052712331675,4.441333152084683,1.05,1.6316666666666675,2.0969999999999986,1.999825623647317,4.04647844976881,0.675,0.45,0.27,0.26666666666666666,1.08,6.773,4.515333333333333,2.7092,2.675753086419753,10.8368
28,3,18.549,18.549000000000017,21.803800000000017,20.652534137122363,49.776368724874914,1.095,1.095,1.1966,1.1450587318424197,2.8425964829108485,0.114,0.11400000000000003,0.37480000000000036,0.4245958487525394,0.6151130331829345,1.05,1.0499999999999965,6.300399999999998,5.974823431052406,9.013790374092123,0.225,0.22499999999999998,0.24180000000000001,0.23147061943002356,0.572860904220027,5.725,5.7250000000000005,5.6854000000000005,5.428218650975145,14.149177131669061,1.842,1.8420000000000003,1.788000000000001,1.7158485442924636,4.506799891250809,1.05,1.0500000000000007,1.7479999999999987,1.7887532628368024,3.4778870698612865,0.675,0.6750000000000002,0.4050000000000001,0.3574074074074074,1.323,6.773,6.773,4.0638,3.5862524005486964,13.275079999999999
29,4,18.549,18.549000000000017,20.17640000000002,20.185082106650725,48.41482123492494,1.095,1.095,1.1458,1.133934569210771,2.800557889746509,0.114,0.11400000000000003,0.2444000000000004,0.3555745490297529,0.4830678199097607,1.05,1.0499999999999965,3.6751999999999967,4.880418224151872,6.458274224455273,0.225,0.22499999999999998,0.23340000000000005,0.23003270400112943,0.5687165425320162,5.725,5.724999999999999,5.7052,5.494170061869557,14.214506279001435,1.842,1.8419999999999999,1.8150000000000008,1.7438822011163606,4.546079934750486,1.05,1.0500000000000007,1.3989999999999987,1.6245858710952907,3.1367322419167722,0.675,0.6750000000000002,0.54,0.42798353909465014,1.4687999999999999,6.773,6.773,5.4184,4.294418533760097,14.738048
30,5,9.61,15.569333333333354,16.76120000000002,17.83506386072834,38.65889274095497,0.517,0.9023333333333333,0.9794,0.9968379982750442,2.1973347338479052,0.383,0.2036666666666667,0.1678000000000004,0.3616690936898078,0.6728406919458565,2.345,1.4816666666666636,1.3089999999999964,4.316991952118123,6.219964534673164,0.119,0.18966666666666665,0.20380000000000004,0.20535876977865622,0.4602299255192097,3.978,5.142666666666666,5.3755999999999995,5.1572433814541006,12.506703767400861,1.293,1.659,1.7322000000000006,1.6436861564238359,4.020647960850291,0.975,1.0250000000000006,1.0349999999999988,1.4802334552963372,2.857039345150063,0.0,0.4500000000000001,0.54,0.3328760859625057,0.88128,0.0,4.515333333333333,5.4184,3.340103304035631,8.8428288
31,6,9.61,12.589666666666687,14.973400000000021,16.007271891677597,32.80533564457298,0.517,0.7096666666666666,0.8638000000000001,0.8902073319917011,1.835400840308743,0.383,0.2933333333333334,0.22160000000000038,0.36640929509207276,0.7867044151675139,2.345,1.9133333333333302,1.5679999999999965,3.878771518314095,6.076978720803899,0.119,0.15433333333333332,0.18260000000000004,0.18616793205006593,0.3951379553115258,3.978,4.560333333333333,5.0262,4.895189296686523,11.482022260440516,1.293,1.4760000000000002,1.6224000000000003,1.5657558994407612,3.7053887765101745,0.975,1.0000000000000007,1.0199999999999987,1.3679593541193733,2.689223607090038,0.0,0.2250000000000001,0.4050000000000001,0.2589036224152822,0.5287679999999999,0.0,2.2576666666666667,4.0638,2.5978581253610464,5.3056972799999995
32,7,9.61,9.61000000000002,13.185600000000022,14.585655915749243,29.293201386743785,0.517,0.5169999999999998,0.7482000000000003,0.8072723693268787,1.6182405041852457,0.383,0.383,0.27540000000000037,0.3700961184049455,0.8550226491005083,2.345,2.3449999999999966,1.8269999999999964,3.5379334031331853,5.991187232482339,0.119,0.119,0.16140000000000002,0.17124172492782905,0.35608277318691545,3.978,3.9779999999999998,4.6768,4.691369452978407,10.86721335626431,1.293,1.2930000000000004,1.5126000000000002,1.5051434773428143,3.516233265906105,0.975,0.9750000000000005,1.0049999999999986,1.280635053203957,2.5885341642540225,0.0,7.401486830834377e-17,0.2700000000000001,0.20136948410077504,0.31726079999999995,0.0,0.0,2.7092,2.0205563197252583,3.1834183679999994
33,8,9.61,9.61000000000002,11.397800000000021,13.4799546011383,27.18592083204627,0.517,0.5169999999999999,0.6326000000000004,0.7427673983653502,1.4879443025111474,0.383,0.383,0.3292000000000003,0.37296364764829093,0.896013589460305,2.345,2.3449999999999966,2.0859999999999963,3.272837091325811,5.939712339489404,0.119,0.119,0.14020000000000002,0.1596324527216448,0.33264966391214923,3.978,3.9779999999999998,4.3274,4.532842907872094,10.498328013758586,1.293,1.2930000000000001,1.4027999999999998,1.4580004823777444,3.4027399595436627,0.975,0.9750000000000005,0.9899999999999987,1.2127161524919665,2.5281204985524135,0.0,7.401486830834377e-17,0.13500000000000006,0.15662070985615836,0.19035647999999997,0.0,0.0,1.3546,1.5715438042307566,1.9100510207999997
34,9,9.61,9.61000000000002,9.61000000000002,12.619964689774234,25.92155249922776,0.517,0.5169999999999999,0.5170000000000003,0.6925968653952724,1.4097665815066884,0.383,0.383,0.38300000000000034,0.3751939481708929,0.920608153676183,2.345,2.3449999999999966,2.344999999999996,3.0666510710311865,5.908827403693643,0.119,0.119,0.11900000000000002,0.15060301878350152,0.3185897983472895,3.978,3.9779999999999998,3.978,4.409544483900518,10.276996808255152,1.293,1.2930000000000001,1.2929999999999997,1.4213337085160234,3.3346439757261974,0.975,0.9750000000000005,0.9749999999999985,1.159890340827085,2.491872299131448,0.0,7.401486830834377e-17,4.4408920985006264e-17,0.12181610766590095,0.11421388799999997,0.0,0.0,0.0,1.222311847735033,1.1460306124799997
35,10,25.006,14.74200000000002,12.68920000000002,15.372416980935515,40.558931499536655,2.325,1.1196666666666666,0.8786000000000003,1.0553531175296564,3.1708599489040132,0.525,0.4303333333333333,0.4114000000000003,0.40848418191069447,1.0773648922057097,10.397,5.0289999999999955,3.9553999999999965,4.695617499690923,13.942296442216186,0.093,0.11033333333333332,0.11380000000000001,0.1378023479427234,0.2841538790083737,4.609,4.1883333333333335,4.1042000000000005,4.453867931922625,10.775198084953091,1.554,1.3800000000000001,1.3451999999999997,1.4508151066235737,3.554786385435718,1.298,1.082666666666667,1.0395999999999987,1.190581376198844,2.793123379478869,0.218,0.07266666666666674,0.04360000000000004,0.14319030596236743,0.2865283328,3.986,1.3286666666666667,0.7972,1.8364647704605812,4.673618367488
36,11,25.006,19.87400000000002,15.76840000000002,17.513213207394287,49.341358899721996,2.325,1.7223333333333333,1.2402000000000002,1.3374968691897329,4.227515969342408,0.525,0.47766666666666663,0.4398000000000003,0.4343765859305402,1.171418935323426,10.397,7.7129999999999965,5.565799999999998,5.962591388648495,18.76237786532971,0.093,0.10166666666666664,0.1086,0.12784627062211817,0.2634923274050242,4.609,4.398666666666666,4.2304,4.488341724828708,11.074118850971853,1.554,1.4670000000000003,1.3973999999999995,1.4737450829294463,3.6868718312614304,1.298,1.1903333333333337,1.1041999999999987,1.2144521814879898,2.9738740276873212,0.218,0.1453333333333334,0.08720000000000004,0.15981468241517466,0.38991699968,3.986,2.6573333333333333,1.5944,2.314139265913785,6.7901710204928
37,12,25.006,25.006000000000018,18.84760000000002,19.178276939084448,54.610815339833195,2.325,2.3249999999999997,1.6018000000000003,1.5569420093697923,4.8615095816054446,0.525,0.5249999999999999,0.4682000000000003,0.45451512239042013,1.2278513611940556,10.397,10.396999999999997,7.176199999999997,6.9480155245043855,21.654426719197826,0.093,0.09299999999999997,0.1034,0.12010265492831414,0.2510953964430145,4.609,4.609,4.3566,4.515154674866773,11.253471310583112,1.554,1.5540000000000003,1.4495999999999993,1.491579508945125,3.766123098756858,1.298,1.2980000000000005,1.1687999999999987,1.2330183633795477,3.0823244166123924,0.218,0.21800000000000008,0.13080000000000006,0.1727447529895803,0.451950199808,3.986,3.986,2.3916,2.6856638734884997,8.06010261229568
38,13,25.006,25.006000000000018,21.92680000000002,20.473326508176793,57.772489203899916,2.325,2.325,1.9634000000000007,1.7276215628431717,5.241905748963267,0.525,0.5249999999999999,0.49660000000000026,0.4701784285258823,1.2617108167164335,10.397,10.396999999999997,8.786599999999996,7.714456519058967,23.389656031518697,0.093,0.09299999999999997,0.0982,0.11407984272202211,0.24365723786580867,4.609,4.609,4.4828,4.536009191563045,11.361082786349868,1.554,1.5540000000000003,1.5017999999999991,1.5054507291795416,3.8136738592541146,1.298,1.2980000000000007,1.233399999999999,1.2474587270729816,3.1473946499674357,0.218,0.21800000000000008,0.17440000000000005,0.18280147454745133,0.48917011988479997,3.986,3.986,3.1888,2.974627457157722,8.822061567377407
39,14,14.212,21.40800000000002,22.847200000000022,19.08192061747084,48.87549352233995,1.301,1.9836666666666665,2.120200000000001,1.6328167711002446,4.44614344937796,0.218,0.4226666666666666,0.4636000000000003,0.4141387777423529,0.9750264900298601,6.077,8.956999999999995,9.532999999999998,7.350577292601418,20.110793618911217,0.009,0.06499999999999997,0.0762,0.09072876656157275,0.1551943427194852,4.129,4.449,4.513,4.445562704549035,10.945649671809921,1.423,1.5103333333333335,1.527799999999999,1.4871283449174213,3.7112043155524685,1.055,1.2170000000000005,1.249399999999999,1.2046901210567633,2.943436789980461,0.0,0.14533333333333343,0.17440000000000005,0.1421789246480177,0.29350207193087996,0.0,2.6573333333333333,3.1888,2.3135991333448946,5.293236940426444
40,15,14.212,17.81000000000002,20.68840000000002,17.999716035810653,43.53729611340397,1.301,1.6423333333333332,1.915400000000001,1.5590797108557457,3.9686860696267754,0.218,0.32033333333333325,0.4022000000000003,0.3705523826884967,0.803015894017916,6.077,7.516999999999996,8.668999999999997,7.06756011646777,18.14347617134673,0.009,0.03699999999999998,0.05940000000000001,0.07256681843677881,0.10211660563169112,4.129,4.289,4.416999999999999,4.375215436871471,10.696389803085953,1.423,1.4666666666666668,1.5015999999999987,1.4728776016024387,3.649722589331481,1.055,1.1360000000000003,1.2007999999999988,1.171425649710816,2.8210620739882764,0.0,0.07266666666666675,0.13080000000000006,0.11058360805956934,0.17610124315852796,0.0,1.3286666666666664,2.3916,1.7994659926015848,3.1759421642558663
41,16,14.212,14.212000000000023,18.52960000000002,17.158001361186063,40.33437766804238,1.301,1.301,1.7106000000000008,1.5017286639989134,3.682211641776065,0.218,0.21799999999999994,0.3408000000000003,0.3366518532021641,0.6998095364107495,6.077,6.0769999999999955,7.804999999999997,6.847435646141599,16.963085702808037,0.009,0.008999999999999975,0.04260000000000001,0.058440858784161304,0.07026996337901466,4.129,4.129,4.320999999999998,4.320500895344478,10.546833881851573,1.423,1.423,1.4753999999999987,1.4617936901352302,3.6128335535988887,1.055,1.0550000000000004,1.1521999999999988,1.1455532831084123,2.7476372443929655,0.0,9.251858538542972e-17,0.08720000000000006,0.0860094729352206,0.10566074589511677,0.0,0.0,1.5943999999999998,1.3995846609123437,1.9055652985535196
42,17,14.212,14.212000000000023,16.37080000000002,16.503334392033604,38.412626600825426,1.301,1.301,1.505800000000001,1.457122294221377,3.510326985065639,0.218,0.21799999999999994,0.2794000000000003,0.3102847747127943,0.6378857218464496,6.077,6.0769999999999955,6.940999999999997,6.676227724776799,16.254851421684823,0.009,0.008999999999999975,0.02580000000000001,0.04745400127656991,0.051161978027408794,4.129,4.129,4.224999999999997,4.2779451408234825,10.457100329110943,1.423,1.423,1.4491999999999987,1.453172870105179,3.5907001321593333,1.055,1.0550000000000004,1.1035999999999988,1.1254303313065428,2.703582346635779,0.0,9.251858538542972e-17,0.043600000000000055,0.0668962567273938,0.06339644753707006,0.0,0.0,0.7971999999999999,1.0885658473762674,1.1433391791321117
43,18,15.611,14.678333333333356,14.49180000000002,16.305037860470584,38.658575960495256,0.274,0.9586666666666664,1.0956000000000008,1.1942062288388489,2.380196191039383,0.154,0.19666666666666663,0.20520000000000033,0.2755548247766178,0.5367314331078697,6.336,6.1633333333333296,6.1287999999999965,6.600621563715288,16.088910853010894,0.158,0.058666666666666645,0.03880000000000001,0.07201977877066548,0.18869718681644526,4.73,4.329333333333333,4.249199999999997,4.378401776196042,11.004260197466566,1.36,1.4020000000000001,1.4103999999999985,1.4324677878595835,3.5144200792955997,1.382,1.1640000000000004,1.1203999999999987,1.1824458132384221,3.0041494079814672,0.22,0.07333333333333343,0.04400000000000005,0.10091931078797295,0.25803786852224203,0.997,0.33233333333333304,0.19939999999999988,1.0682178812926524,1.6830035074792669
44,19,15.611,15.144666666666689,14.77160000000002,16.150807224810457,38.806145576297155,0.274,0.6163333333333332,0.8902000000000008,0.9897159557635491,1.70211771462363,0.154,0.1753333333333333,0.1924000000000003,0.248542641492925,0.47603885986472183,6.336,6.249666666666663,6.1805999999999965,6.541816771778558,15.989346511806536,0.158,0.10833333333333332,0.06860000000000001,0.09112649459940649,0.27121831208986713,4.73,4.529666666666666,4.369399999999997,4.456534714819144,11.332556118479939,1.36,1.3810000000000002,1.3977999999999984,1.4163638350018983,3.4686520475773595,1.382,1.2730000000000004,1.1857999999999986,1.2267911880743283,3.18448964478888,0.22,0.14666666666666675,0.08800000000000005,0.1273816861684234,0.37482272111334525,0.997,0.6646666666666664,0.3987999999999999,1.0523916854498407,2.00680210448756
45,20,15.611,15.611000000000024,15.05140000000002,16.030850063741468,38.894687345778294,0.274,0.2739999999999998,0.6848000000000007,0.8306679655938716,1.295270628774178,0.154,0.154,0.1796000000000003,0.22753316560560832,0.4396233159188331,6.336,6.335999999999996,6.232399999999997,6.496079711383324,15.929607907083922,0.158,0.158,0.0984,0.10598727357731615,0.32073098725392024,4.73,4.729999999999999,4.489599999999998,4.517304778192667,11.529533671087965,1.36,1.3600000000000003,1.3851999999999982,1.4038385383348098,3.4411912285464155,1.382,1.3820000000000003,1.2511999999999985,1.261282035168922,3.292693786873328,0.22,0.22000000000000008,0.13200000000000006,0.14796353368655152,0.44489363266800713,0.997,0.9969999999999998,0.5981999999999998,1.0400824220165428,2.201081262692536
46,21,15.611,15.611000000000024,15.33120000000002,15.937550049576698,38.94781240746698,0.274,0.2739999999999998,0.47940000000000077,0.7069639732396779,1.051162377264507,0.154,0.154,0.16680000000000028,0.21119246213769538,0.41777398955129985,6.336,6.335999999999996,6.284199999999997,6.460506442187029,15.893764744250353,0.158,0.158,0.1282,0.11754565722680145,0.35043859235235214,4.73,4.729999999999998,4.609799999999997,4.564570383038741,11.647720202652778,1.36,1.3600000000000003,1.372599999999998,1.3940966409270743,3.4247147371278492,1.382,1.3820000000000003,1.3165999999999987,1.2881082495758283,3.3576162721239964,0.22,0.22000000000000008,0.17600000000000005,0.16397163731176229,0.48693617960080426,0.997,0.9969999999999998,0.7975999999999999,1.030508550457311,2.3176487576155216
47,22,15.611,15.611000000000024,15.611000000000022,15.864983371892988,38.979687444480184,0.274,0.2739999999999998,0.2740000000000008,0.6107497569641939,0.9046974263587041,0.154,0.154,0.1540000000000003,0.1984830261070964,0.4046643937307799,6.336,6.335999999999996,6.335999999999997,6.432838343923244,15.872258846550212,0.158,0.158,0.158,0.1265355111764011,0.3682631554114113,4.73,4.729999999999998,4.729999999999997,4.601332520141243,11.718632121591668,1.36,1.3600000000000003,1.359999999999998,1.3865196096099466,3.4148288422767097,1.382,1.3820000000000003,1.3819999999999986,1.308973083003422,3.396569763274398,0.22,0.22000000000000008,0.22000000000000006,0.1764223845758151,0.5121617077604825,0.997,0.9969999999999998,0.9969999999999999,1.023062205911242,2.387589254569313
48,23,10.709,13.977000000000023,14.63060000000002,14.7192092892501,34.09681246668811,0.416,0.3213333333333331,0.3024000000000008,0.567472033194373,0.9588184558152224,0.355,0.22099999999999997,0.19420000000000026,0.23326457586107496,0.597798636238468,6.262,6.31133333333333,6.3211999999999975,6.394874267495856,15.785355307930125,0.011,0.10899999999999999,0.1286,0.10086095313720086,0.2319578932468468,1.993,3.817666666666664,4.182599999999996,4.021703071220967,9.024179272955001,0.692,1.1373333333333335,1.226399999999998,1.232181918585514,2.7408973053660253,0.934,1.232666666666667,1.2923999999999987,1.2256457312248838,2.9719418579646386,0.0,0.14666666666666675,0.17600000000000007,0.13721741022563397,0.3072970246562895,0.0,0.6646666666666664,0.7975999999999999,0.7957150490420771,1.4325535527415878
49,24,10.709,12.343000000000023,13.650200000000021,13.828051669416745,31.167087480012864,0.416,0.3686666666666664,0.33080000000000076,0.5338115813734012,0.9912910734891334,0.355,0.2879999999999999,0.2344000000000003,0.26031689233639166,0.7136791817430808,6.262,6.286666666666664,6.306399999999998,6.365346652496777,15.733213184758075,0.011,0.05999999999999999,0.0992,0.08089185244004511,0.15017473594810807,1.993,2.905333333333331,3.635199999999996,3.570880166505197,7.407507563773001,0.692,0.9146666666666668,1.092799999999998,1.1121414922331776,2.336538383219615,0.934,1.083333333333334,1.2027999999999988,1.1608355687304652,2.717165114778783,0.0,0.07333333333333343,0.13200000000000006,0.10672465239771531,0.1843782147937737,0.0,0.3323333333333331,0.5982,0.6188894825882822,0.8595321316449527
50,25,10.709,10.709000000000023,12.66980000000002,13.134929076213023,29.409252488007716,0.416,0.4159999999999997,0.35920000000000074,0.5076312299570899,1.01077464409348,0.355,0.355,0.2746000000000003,0.2813575829283046,0.7832075090458483,6.262,6.261999999999998,6.291599999999998,6.342380729719716,15.701927910854845,0.011,0.01099999999999999,0.0698,0.06536032967559065,0.10110484156886483,1.993,1.9929999999999974,3.0877999999999957,3.2202401295040426,6.4375045382638,0.692,0.6920000000000002,0.9591999999999979,1.0187767161813603,2.0939230299317693,0.934,0.9340000000000007,1.1131999999999989,1.1104276645681397,2.5642990688672698,0.0,9.251858538542972e-17,0.08800000000000008,0.0830080629760008,0.11062692887626421,0.0,0.0,0.39879999999999993,0.48135848645755286,0.5157192789869716
51,26,10.709,10.709000000000023,11.68940000000002,12.595833725943463,28.354551492804628,0.416,0.4159999999999997,0.3876000000000007,0.4872687344110699,1.0224647864560878,0.355,0.355,0.3148000000000003,0.29772256449979245,0.824924505427509,6.262,6.261999999999998,6.276799999999999,6.324518345337557,15.683156746512907,0.011,0.01099999999999999,0.0404,0.05328025641434828,0.0716629049413189,1.993,1.9929999999999974,2.5403999999999956,2.9475201007253666,5.85550272295828,0.692,0.6920000000000002,0.8255999999999979,0.9461596681410581,1.9483538179590614,0.934,0.9340000000000007,1.023599999999999,1.0712215168863308,2.4725794413203617,0.0,9.251858538542972e-17,0.04400000000000008,0.06456182675911173,0.06637615732575852,0.0,0.0,0.19939999999999997,0.37438993391143,0.3094315673921829
